-- ARENAS
INSERT INTO arenas (arena_id, name, min_battles_won, max_battles_won) VALUES (1, 'Arena 1', 0, 78);
INSERT INTO arenas (arena_id, name, min_battles_won, max_battles_won) VALUES (2, 'Arena 2', 79, 135);
INSERT INTO arenas (arena_id, name, min_battles_won, max_battles_won) VALUES (3, 'Arena 3', 136, 256);
INSERT INTO arenas (arena_id, name, min_battles_won, max_battles_won) VALUES (4, 'Arena 4', 257, 369);
INSERT INTO arenas (arena_id, name, min_battles_won, max_battles_won) VALUES (5, 'Arena 5', 370, 477);
INSERT INTO arenas (arena_id, name, min_battles_won, max_battles_won) VALUES (6, 'Arena 6', 478, 563);
INSERT INTO arenas (arena_id, name, min_battles_won, max_battles_won) VALUES (7, 'Arena 7', 564, 640);
INSERT INTO arenas (arena_id, name, min_battles_won, max_battles_won) VALUES (8, 'Arena 8', 641, 830);
INSERT INTO arenas (arena_id, name, min_battles_won, max_battles_won) VALUES (9, 'Arena 9', 831, 903);
INSERT INTO arenas (arena_id, name, min_battles_won, max_battles_won) VALUES (10, 'Arena 10', 904, 1062);

-- CLANS
INSERT INTO clans (clan_id, name, created_at) VALUES (1, 'Responsibility Clan', 2023-08-21 08:59:59);
INSERT INTO clans (clan_id, name, created_at) VALUES (2, 'Capital Clan', 2021-05-30 06:17:41);
INSERT INTO clans (clan_id, name, created_at) VALUES (3, 'Teacher Clan', 2022-11-19 07:07:34);
INSERT INTO clans (clan_id, name, created_at) VALUES (4, 'Economy Clan', 2020-12-20 17:49:55);
INSERT INTO clans (clan_id, name, created_at) VALUES (5, 'Town Clan', 2020-12-15 04:46:54);
INSERT INTO clans (clan_id, name, created_at) VALUES (6, 'Top Clan', 2024-01-17 04:02:03);
INSERT INTO clans (clan_id, name, created_at) VALUES (7, 'Back Clan', 2023-08-23 23:55:49);
INSERT INTO clans (clan_id, name, created_at) VALUES (8, 'Trade Clan', 2020-03-28 12:55:45);

-- PLAYERS
INSERT INTO players (player_id, username, battles_won, arena_id, clan_id, created_at) VALUES (1, 'raymondrusso', 32, 1, 4, 2025-04-11 09:35:56);
INSERT INTO players (player_id, username, battles_won, arena_id, clan_id, created_at) VALUES (2, 'oporter', 238, 3, 1, 2025-02-09 19:33:14);
INSERT INTO players (player_id, username, battles_won, arena_id, clan_id, created_at) VALUES (3, 'xryan', 574, 7, 7, 2025-11-13 23:06:57);
INSERT INTO players (player_id, username, battles_won, arena_id, clan_id, created_at) VALUES (4, 'fwilliamson', 225, 3, 5, 2025-05-09 12:28:56);
INSERT INTO players (player_id, username, battles_won, arena_id, clan_id, created_at) VALUES (5, 'donnariley', 828, 8, NULL, 2025-09-17 06:01:43);
INSERT INTO players (player_id, username, battles_won, arena_id, clan_id, created_at) VALUES (6, 'ystone', 777, 8, NULL, 2025-04-20 12:13:14);
INSERT INTO players (player_id, username, battles_won, arena_id, clan_id, created_at) VALUES (7, 'qpalmer', 714, 8, 5, 2025-07-04 06:44:33);
INSERT INTO players (player_id, username, battles_won, arena_id, clan_id, created_at) VALUES (8, 'inewton', 159, 3, 6, 2025-03-17 18:31:50);
INSERT INTO players (player_id, username, battles_won, arena_id, clan_id, created_at) VALUES (9, 'brandi00', 104, 2, 2, 2025-09-02 20:52:58);
INSERT INTO players (player_id, username, battles_won, arena_id, clan_id, created_at) VALUES (10, 'jeffrey50', 367, 4, NULL, 2025-02-23 03:40:30);
INSERT INTO players (player_id, username, battles_won, arena_id, clan_id, created_at) VALUES (11, 'nicholasthompson', 618, 7, 1, 2025-07-18 09:25:22);
INSERT INTO players (player_id, username, battles_won, arena_id, clan_id, created_at) VALUES (12, 'donald87', 747, 8, 2, 2025-11-20 02:20:43);
INSERT INTO players (player_id, username, battles_won, arena_id, clan_id, created_at) VALUES (13, 'anthony69', 996, 10, NULL, 2025-06-18 06:56:11);
INSERT INTO players (player_id, username, battles_won, arena_id, clan_id, created_at) VALUES (14, 'robinmiller', 80, 2, 6, 2025-10-12 14:20:33);
INSERT INTO players (player_id, username, battles_won, arena_id, clan_id, created_at) VALUES (15, 'mayspamela', 591, 7, 2, 2025-07-10 17:52:05);
INSERT INTO players (player_id, username, battles_won, arena_id, clan_id, created_at) VALUES (16, 'gillespiemaria', 46, 1, 5, 2025-04-03 02:39:10);
INSERT INTO players (player_id, username, battles_won, arena_id, clan_id, created_at) VALUES (17, 'josephramirez', 81, 2, NULL, 2025-09-07 17:59:29);
INSERT INTO players (player_id, username, battles_won, arena_id, clan_id, created_at) VALUES (18, 'nicholas79', 887, 9, 5, 2025-02-22 08:39:57);
INSERT INTO players (player_id, username, battles_won, arena_id, clan_id, created_at) VALUES (19, 'kristen48', 464, 5, 6, 2025-03-07 02:32:51);
INSERT INTO players (player_id, username, battles_won, arena_id, clan_id, created_at) VALUES (20, 'kimberly24', 166, 3, 4, 2025-10-07 16:31:12);
INSERT INTO players (player_id, username, battles_won, arena_id, clan_id, created_at) VALUES (21, 'danielle53', 686, 8, 2, 2025-11-01 06:03:25);
INSERT INTO players (player_id, username, battles_won, arena_id, clan_id, created_at) VALUES (22, 'mcmahonlinda', 623, 7, 4, 2025-07-05 07:52:24);
INSERT INTO players (player_id, username, battles_won, arena_id, clan_id, created_at) VALUES (23, 'kaitlyn26', 167, 3, 5, 2025-05-15 11:41:39);
INSERT INTO players (player_id, username, battles_won, arena_id, clan_id, created_at) VALUES (24, 'xhenry', 947, 10, 4, 2025-11-12 12:02:48);
INSERT INTO players (player_id, username, battles_won, arena_id, clan_id, created_at) VALUES (25, 'gjohnson', 701, 8, 1, 2025-05-07 06:48:51);
INSERT INTO players (player_id, username, battles_won, arena_id, clan_id, created_at) VALUES (26, 'martinezwilliam', 234, 3, NULL, 2025-10-13 09:33:25);
INSERT INTO players (player_id, username, battles_won, arena_id, clan_id, created_at) VALUES (27, 'williamskevin', 824, 8, 5, 2025-11-27 02:22:36);
INSERT INTO players (player_id, username, battles_won, arena_id, clan_id, created_at) VALUES (28, 'danielle90', 67, 1, 6, 2025-10-01 00:55:10);
INSERT INTO players (player_id, username, battles_won, arena_id, clan_id, created_at) VALUES (29, 'greentiffany', 217, 3, 7, 2025-11-01 17:30:16);
INSERT INTO players (player_id, username, battles_won, arena_id, clan_id, created_at) VALUES (30, 'gmunoz', 905, 10, NULL, 2025-04-03 03:59:17);
INSERT INTO players (player_id, username, battles_won, arena_id, clan_id, created_at) VALUES (31, 'henryjohnson', 469, 5, 3, 2025-09-02 15:20:04);
INSERT INTO players (player_id, username, battles_won, arena_id, clan_id, created_at) VALUES (32, 'elizabethrasmussen', 252, 3, NULL, 2025-07-03 03:54:40);
INSERT INTO players (player_id, username, battles_won, arena_id, clan_id, created_at) VALUES (33, 'cdavis', 551, 6, 7, 2025-07-27 03:26:52);
INSERT INTO players (player_id, username, battles_won, arena_id, clan_id, created_at) VALUES (34, 'kevin95', 919, 10, 6, 2025-02-24 04:14:52);
INSERT INTO players (player_id, username, battles_won, arena_id, clan_id, created_at) VALUES (35, 'courtneymoore', 224, 3, NULL, 2025-03-05 13:34:39);
INSERT INTO players (player_id, username, battles_won, arena_id, clan_id, created_at) VALUES (36, 'zreed', 141, 3, 2, 2025-07-01 10:09:37);
INSERT INTO players (player_id, username, battles_won, arena_id, clan_id, created_at) VALUES (37, 'patricia79', 773, 8, 2, 2025-11-04 07:18:56);
INSERT INTO players (player_id, username, battles_won, arena_id, clan_id, created_at) VALUES (38, 'mcculloughbrian', 156, 3, 7, 2025-03-11 23:52:36);
INSERT INTO players (player_id, username, battles_won, arena_id, clan_id, created_at) VALUES (39, 'hfinley', 610, 7, 7, 2025-09-20 04:14:46);
INSERT INTO players (player_id, username, battles_won, arena_id, clan_id, created_at) VALUES (40, 'robertsmith', 610, 7, NULL, 2025-03-24 09:56:28);
INSERT INTO players (player_id, username, battles_won, arena_id, clan_id, created_at) VALUES (41, 'rebeccaballard', 541, 6, 1, 2025-08-27 03:41:23);
INSERT INTO players (player_id, username, battles_won, arena_id, clan_id, created_at) VALUES (42, 'lindajimenez', 696, 8, NULL, 2025-03-28 05:33:16);
INSERT INTO players (player_id, username, battles_won, arena_id, clan_id, created_at) VALUES (43, 'justin32', 698, 8, NULL, 2025-05-24 22:08:15);
INSERT INTO players (player_id, username, battles_won, arena_id, clan_id, created_at) VALUES (44, 'thomashunter', 768, 8, 6, 2025-03-27 01:49:00);
INSERT INTO players (player_id, username, battles_won, arena_id, clan_id, created_at) VALUES (45, 'adam17', 114, 2, 3, 2025-03-15 04:25:04);
INSERT INTO players (player_id, username, battles_won, arena_id, clan_id, created_at) VALUES (46, 'maurice21', 464, 5, 5, 2025-07-11 22:36:05);
INSERT INTO players (player_id, username, battles_won, arena_id, clan_id, created_at) VALUES (47, 'vmckenzie', 995, 10, 3, 2025-07-31 23:30:23);
INSERT INTO players (player_id, username, battles_won, arena_id, clan_id, created_at) VALUES (48, 'carpenterchristina', 519, 6, NULL, 2025-07-08 14:49:26);
INSERT INTO players (player_id, username, battles_won, arena_id, clan_id, created_at) VALUES (49, 'mtaylor', 891, 9, 4, 2025-06-24 21:45:28);
INSERT INTO players (player_id, username, battles_won, arena_id, clan_id, created_at) VALUES (50, 'andrew73', 156, 3, 3, 2025-01-10 19:45:45);

-- CARDS
INSERT INTO cards (card_id, name, description, rarity, elixircost, type) VALUES (1, 'Right', 'Right best process six.', 'common', 10, 'spell');
INSERT INTO cards (card_id, name, description, rarity, elixircost, type) VALUES (2, 'Top', 'Whether be capital health seek require history level.', 'legendary', 1, 'troop');
INSERT INTO cards (card_id, name, description, rarity, elixircost, type) VALUES (3, 'Form', 'Top add away inside.', 'epic', 5, 'troop');
INSERT INTO cards (card_id, name, description, rarity, elixircost, type) VALUES (4, 'Begin', 'Even main military upon close officer record anything.', 'common', 4, 'building');
INSERT INTO cards (card_id, name, description, rarity, elixircost, type) VALUES (5, 'Available', 'Business issue understand past young.', 'common', 2, 'building');
INSERT INTO cards (card_id, name, description, rarity, elixircost, type) VALUES (6, 'Mean', 'Level population then former push buy high.', 'legendary', 2, 'building');
INSERT INTO cards (card_id, name, description, rarity, elixircost, type) VALUES (7, 'Million', 'Coach simply few chance exist mean.', 'rare', 3, 'building');
INSERT INTO cards (card_id, name, description, rarity, elixircost, type) VALUES (8, 'Month', 'What most improve choice.', 'legendary', 9, 'troop');
INSERT INTO cards (card_id, name, description, rarity, elixircost, type) VALUES (9, 'Business', 'Fact however art part read program anything.', 'epic', 9, 'building');
INSERT INTO cards (card_id, name, description, rarity, elixircost, type) VALUES (10, 'No', 'Human health too person.', 'legendary', 4, 'building');
INSERT INTO cards (card_id, name, description, rarity, elixircost, type) VALUES (11, 'Option', 'Term camera need customer.', 'rare', 5, 'spell');
INSERT INTO cards (card_id, name, description, rarity, elixircost, type) VALUES (12, 'Street', 'Can seven everybody wait film form gun.', 'epic', 8, 'building');
INSERT INTO cards (card_id, name, description, rarity, elixircost, type) VALUES (13, 'Cultural', 'Brother prevent cut seven join.', 'legendary', 2, 'troop');
INSERT INTO cards (card_id, name, description, rarity, elixircost, type) VALUES (14, 'Head', 'Difficult carry Mrs item.', 'rare', 2, 'spell');
INSERT INTO cards (card_id, name, description, rarity, elixircost, type) VALUES (15, 'East', 'Conference seat better space.', 'common', 10, 'building');
INSERT INTO cards (card_id, name, description, rarity, elixircost, type) VALUES (16, 'Ability', 'Above than cell.', 'rare', 10, 'troop');
INSERT INTO cards (card_id, name, description, rarity, elixircost, type) VALUES (17, 'Today', 'Civil movement series soon.', 'common', 2, 'building');
INSERT INTO cards (card_id, name, description, rarity, elixircost, type) VALUES (18, 'Point', 'Really fast much serve resource media travel.', 'common', 4, 'troop');
INSERT INTO cards (card_id, name, description, rarity, elixircost, type) VALUES (19, 'Make', 'Together local day worker he exactly.', 'common', 6, 'troop');
INSERT INTO cards (card_id, name, description, rarity, elixircost, type) VALUES (20, 'None', 'Only hear side both simple share.', 'rare', 5, 'building');
INSERT INTO cards (card_id, name, description, rarity, elixircost, type) VALUES (21, 'With', 'None truth environment suggest perform score order.', 'legendary', 4, 'building');
INSERT INTO cards (card_id, name, description, rarity, elixircost, type) VALUES (22, 'Common', 'Hit building discover wrong official blood.', 'rare', 10, 'building');
INSERT INTO cards (card_id, name, description, rarity, elixircost, type) VALUES (23, 'These', 'Especially team include stock.', 'legendary', 4, 'spell');
INSERT INTO cards (card_id, name, description, rarity, elixircost, type) VALUES (24, 'Heart', 'Enter know turn out any tonight.', 'legendary', 4, 'troop');
INSERT INTO cards (card_id, name, description, rarity, elixircost, type) VALUES (25, 'Claim', 'Rest need authority three.', 'common', 7, 'spell');
INSERT INTO cards (card_id, name, description, rarity, elixircost, type) VALUES (26, 'Call', 'Because born third.', 'legendary', 7, 'spell');
INSERT INTO cards (card_id, name, description, rarity, elixircost, type) VALUES (27, 'Across', 'Your will hold significant fact agreement.', 'common', 2, 'troop');
INSERT INTO cards (card_id, name, description, rarity, elixircost, type) VALUES (28, 'Professor', 'Health think represent many role pressure including.', 'legendary', 6, 'troop');
INSERT INTO cards (card_id, name, description, rarity, elixircost, type) VALUES (29, 'Age', 'Already few manage able.', 'rare', 4, 'troop');
INSERT INTO cards (card_id, name, description, rarity, elixircost, type) VALUES (30, 'Factor', 'Nor strategy learn discover.', 'legendary', 3, 'spell');
INSERT INTO cards (card_id, name, description, rarity, elixircost, type) VALUES (31, 'Next', 'Artist practice no almost.', 'rare', 5, 'spell');
INSERT INTO cards (card_id, name, description, rarity, elixircost, type) VALUES (32, 'Environmental', 'Training wife dog last.', 'rare', 2, 'spell');
INSERT INTO cards (card_id, name, description, rarity, elixircost, type) VALUES (33, 'Once', 'Deep rest have sound their.', 'common', 1, 'building');
INSERT INTO cards (card_id, name, description, rarity, elixircost, type) VALUES (34, 'They', 'Project pass fight likely whatever field.', 'common', 2, 'troop');
INSERT INTO cards (card_id, name, description, rarity, elixircost, type) VALUES (35, 'Him', 'Understand network letter.', 'rare', 7, 'spell');
INSERT INTO cards (card_id, name, description, rarity, elixircost, type) VALUES (36, 'Major', 'Perhaps near never material event.', 'legendary', 4, 'spell');
INSERT INTO cards (card_id, name, description, rarity, elixircost, type) VALUES (37, 'Food', 'Your involve heart mention meet.', 'common', 3, 'spell');
INSERT INTO cards (card_id, name, description, rarity, elixircost, type) VALUES (38, 'Student', 'Doctor mission party left account strong difficult.', 'common', 7, 'spell');
INSERT INTO cards (card_id, name, description, rarity, elixircost, type) VALUES (39, 'Decision', 'Economic prevent rate space phone.', 'legendary', 5, 'spell');
INSERT INTO cards (card_id, name, description, rarity, elixircost, type) VALUES (40, 'Against', 'Woman certainly owner likely health cup view.', 'legendary', 3, 'troop');

-- PLAYERS_CARDS
INSERT INTO players_cards (player_id, card_id, level) VALUES (6, 9, 3);
INSERT INTO players_cards (player_id, card_id, level) VALUES (14, 33, 5);
INSERT INTO players_cards (player_id, card_id, level) VALUES (14, 23, 13);
INSERT INTO players_cards (player_id, card_id, level) VALUES (31, 32, 8);
INSERT INTO players_cards (player_id, card_id, level) VALUES (14, 30, 6);
INSERT INTO players_cards (player_id, card_id, level) VALUES (39, 15, 8);
INSERT INTO players_cards (player_id, card_id, level) VALUES (26, 19, 9);
INSERT INTO players_cards (player_id, card_id, level) VALUES (2, 6, 5);
INSERT INTO players_cards (player_id, card_id, level) VALUES (43, 40, 6);
INSERT INTO players_cards (player_id, card_id, level) VALUES (43, 7, 3);
INSERT INTO players_cards (player_id, card_id, level) VALUES (27, 27, 6);
INSERT INTO players_cards (player_id, card_id, level) VALUES (3, 28, 1);
INSERT INTO players_cards (player_id, card_id, level) VALUES (35, 30, 7);
INSERT INTO players_cards (player_id, card_id, level) VALUES (37, 20, 7);
INSERT INTO players_cards (player_id, card_id, level) VALUES (43, 16, 5);
INSERT INTO players_cards (player_id, card_id, level) VALUES (34, 21, 5);
INSERT INTO players_cards (player_id, card_id, level) VALUES (2, 8, 5);
INSERT INTO players_cards (player_id, card_id, level) VALUES (6, 18, 8);
INSERT INTO players_cards (player_id, card_id, level) VALUES (43, 8, 10);
INSERT INTO players_cards (player_id, card_id, level) VALUES (11, 30, 3);
INSERT INTO players_cards (player_id, card_id, level) VALUES (42, 1, 13);
INSERT INTO players_cards (player_id, card_id, level) VALUES (33, 34, 3);
INSERT INTO players_cards (player_id, card_id, level) VALUES (39, 18, 9);
INSERT INTO players_cards (player_id, card_id, level) VALUES (48, 35, 1);
INSERT INTO players_cards (player_id, card_id, level) VALUES (7, 23, 13);
INSERT INTO players_cards (player_id, card_id, level) VALUES (6, 19, 9);
INSERT INTO players_cards (player_id, card_id, level) VALUES (49, 16, 12);
INSERT INTO players_cards (player_id, card_id, level) VALUES (16, 20, 11);
INSERT INTO players_cards (player_id, card_id, level) VALUES (40, 5, 8);
INSERT INTO players_cards (player_id, card_id, level) VALUES (40, 6, 7);
INSERT INTO players_cards (player_id, card_id, level) VALUES (48, 29, 9);
INSERT INTO players_cards (player_id, card_id, level) VALUES (49, 37, 7);
INSERT INTO players_cards (player_id, card_id, level) VALUES (6, 31, 1);
INSERT INTO players_cards (player_id, card_id, level) VALUES (43, 38, 10);
INSERT INTO players_cards (player_id, card_id, level) VALUES (16, 9, 8);
INSERT INTO players_cards (player_id, card_id, level) VALUES (23, 30, 5);
INSERT INTO players_cards (player_id, card_id, level) VALUES (17, 25, 6);
INSERT INTO players_cards (player_id, card_id, level) VALUES (46, 8, 13);
INSERT INTO players_cards (player_id, card_id, level) VALUES (43, 8, 12);
INSERT INTO players_cards (player_id, card_id, level) VALUES (46, 25, 8);
INSERT INTO players_cards (player_id, card_id, level) VALUES (3, 7, 10);
INSERT INTO players_cards (player_id, card_id, level) VALUES (41, 18, 13);
INSERT INTO players_cards (player_id, card_id, level) VALUES (14, 16, 11);
INSERT INTO players_cards (player_id, card_id, level) VALUES (45, 34, 8);
INSERT INTO players_cards (player_id, card_id, level) VALUES (48, 10, 4);
INSERT INTO players_cards (player_id, card_id, level) VALUES (5, 16, 7);
INSERT INTO players_cards (player_id, card_id, level) VALUES (4, 6, 11);
INSERT INTO players_cards (player_id, card_id, level) VALUES (27, 25, 13);
INSERT INTO players_cards (player_id, card_id, level) VALUES (7, 5, 9);
INSERT INTO players_cards (player_id, card_id, level) VALUES (6, 16, 12);
INSERT INTO players_cards (player_id, card_id, level) VALUES (29, 5, 12);
INSERT INTO players_cards (player_id, card_id, level) VALUES (20, 25, 14);
INSERT INTO players_cards (player_id, card_id, level) VALUES (10, 14, 2);
INSERT INTO players_cards (player_id, card_id, level) VALUES (33, 8, 7);
INSERT INTO players_cards (player_id, card_id, level) VALUES (15, 18, 7);
INSERT INTO players_cards (player_id, card_id, level) VALUES (48, 31, 8);
INSERT INTO players_cards (player_id, card_id, level) VALUES (27, 32, 9);
INSERT INTO players_cards (player_id, card_id, level) VALUES (12, 5, 10);
INSERT INTO players_cards (player_id, card_id, level) VALUES (14, 31, 5);
INSERT INTO players_cards (player_id, card_id, level) VALUES (3, 24, 10);
INSERT INTO players_cards (player_id, card_id, level) VALUES (30, 34, 9);
INSERT INTO players_cards (player_id, card_id, level) VALUES (22, 25, 5);
INSERT INTO players_cards (player_id, card_id, level) VALUES (28, 36, 6);
INSERT INTO players_cards (player_id, card_id, level) VALUES (26, 38, 10);
INSERT INTO players_cards (player_id, card_id, level) VALUES (34, 35, 11);
INSERT INTO players_cards (player_id, card_id, level) VALUES (2, 16, 4);
INSERT INTO players_cards (player_id, card_id, level) VALUES (18, 40, 13);
INSERT INTO players_cards (player_id, card_id, level) VALUES (36, 34, 6);
INSERT INTO players_cards (player_id, card_id, level) VALUES (46, 13, 2);
INSERT INTO players_cards (player_id, card_id, level) VALUES (40, 25, 6);
INSERT INTO players_cards (player_id, card_id, level) VALUES (27, 32, 2);
INSERT INTO players_cards (player_id, card_id, level) VALUES (44, 39, 13);
INSERT INTO players_cards (player_id, card_id, level) VALUES (17, 16, 14);
INSERT INTO players_cards (player_id, card_id, level) VALUES (45, 20, 14);
INSERT INTO players_cards (player_id, card_id, level) VALUES (40, 35, 1);
INSERT INTO players_cards (player_id, card_id, level) VALUES (1, 22, 13);
INSERT INTO players_cards (player_id, card_id, level) VALUES (14, 22, 4);
INSERT INTO players_cards (player_id, card_id, level) VALUES (3, 16, 8);
INSERT INTO players_cards (player_id, card_id, level) VALUES (11, 7, 7);
INSERT INTO players_cards (player_id, card_id, level) VALUES (38, 16, 2);
INSERT INTO players_cards (player_id, card_id, level) VALUES (12, 34, 11);
INSERT INTO players_cards (player_id, card_id, level) VALUES (2, 32, 14);
INSERT INTO players_cards (player_id, card_id, level) VALUES (28, 5, 11);
INSERT INTO players_cards (player_id, card_id, level) VALUES (32, 17, 14);
INSERT INTO players_cards (player_id, card_id, level) VALUES (19, 14, 1);
INSERT INTO players_cards (player_id, card_id, level) VALUES (36, 29, 3);
INSERT INTO players_cards (player_id, card_id, level) VALUES (16, 30, 10);
INSERT INTO players_cards (player_id, card_id, level) VALUES (36, 1, 5);
INSERT INTO players_cards (player_id, card_id, level) VALUES (21, 30, 8);
INSERT INTO players_cards (player_id, card_id, level) VALUES (33, 22, 1);
INSERT INTO players_cards (player_id, card_id, level) VALUES (26, 16, 3);
INSERT INTO players_cards (player_id, card_id, level) VALUES (4, 36, 4);
INSERT INTO players_cards (player_id, card_id, level) VALUES (27, 35, 12);
INSERT INTO players_cards (player_id, card_id, level) VALUES (47, 33, 7);
INSERT INTO players_cards (player_id, card_id, level) VALUES (38, 24, 8);
INSERT INTO players_cards (player_id, card_id, level) VALUES (31, 1, 6);
INSERT INTO players_cards (player_id, card_id, level) VALUES (8, 13, 6);
INSERT INTO players_cards (player_id, card_id, level) VALUES (42, 33, 7);
INSERT INTO players_cards (player_id, card_id, level) VALUES (21, 12, 8);
INSERT INTO players_cards (player_id, card_id, level) VALUES (39, 39, 12);
INSERT INTO players_cards (player_id, card_id, level) VALUES (28, 24, 2);
INSERT INTO players_cards (player_id, card_id, level) VALUES (28, 24, 11);
INSERT INTO players_cards (player_id, card_id, level) VALUES (3, 31, 4);
INSERT INTO players_cards (player_id, card_id, level) VALUES (37, 25, 7);
INSERT INTO players_cards (player_id, card_id, level) VALUES (38, 39, 11);
INSERT INTO players_cards (player_id, card_id, level) VALUES (3, 23, 9);
INSERT INTO players_cards (player_id, card_id, level) VALUES (21, 16, 14);
INSERT INTO players_cards (player_id, card_id, level) VALUES (9, 17, 3);
INSERT INTO players_cards (player_id, card_id, level) VALUES (28, 23, 12);
INSERT INTO players_cards (player_id, card_id, level) VALUES (22, 26, 12);
INSERT INTO players_cards (player_id, card_id, level) VALUES (36, 27, 10);
INSERT INTO players_cards (player_id, card_id, level) VALUES (8, 30, 3);
INSERT INTO players_cards (player_id, card_id, level) VALUES (6, 16, 11);
INSERT INTO players_cards (player_id, card_id, level) VALUES (20, 33, 5);
INSERT INTO players_cards (player_id, card_id, level) VALUES (17, 26, 3);
INSERT INTO players_cards (player_id, card_id, level) VALUES (14, 30, 12);
INSERT INTO players_cards (player_id, card_id, level) VALUES (15, 25, 12);
INSERT INTO players_cards (player_id, card_id, level) VALUES (1, 8, 2);
INSERT INTO players_cards (player_id, card_id, level) VALUES (47, 13, 6);
INSERT INTO players_cards (player_id, card_id, level) VALUES (13, 10, 1);
INSERT INTO players_cards (player_id, card_id, level) VALUES (24, 3, 6);
INSERT INTO players_cards (player_id, card_id, level) VALUES (29, 40, 14);
INSERT INTO players_cards (player_id, card_id, level) VALUES (43, 25, 11);
INSERT INTO players_cards (player_id, card_id, level) VALUES (4, 14, 14);
INSERT INTO players_cards (player_id, card_id, level) VALUES (19, 16, 5);
INSERT INTO players_cards (player_id, card_id, level) VALUES (2, 13, 7);
INSERT INTO players_cards (player_id, card_id, level) VALUES (45, 10, 9);
INSERT INTO players_cards (player_id, card_id, level) VALUES (22, 27, 13);
INSERT INTO players_cards (player_id, card_id, level) VALUES (19, 14, 7);
INSERT INTO players_cards (player_id, card_id, level) VALUES (44, 35, 6);
INSERT INTO players_cards (player_id, card_id, level) VALUES (15, 26, 12);
INSERT INTO players_cards (player_id, card_id, level) VALUES (28, 15, 3);
INSERT INTO players_cards (player_id, card_id, level) VALUES (44, 17, 9);
INSERT INTO players_cards (player_id, card_id, level) VALUES (13, 30, 6);
INSERT INTO players_cards (player_id, card_id, level) VALUES (31, 11, 11);
INSERT INTO players_cards (player_id, card_id, level) VALUES (20, 15, 4);
INSERT INTO players_cards (player_id, card_id, level) VALUES (8, 35, 13);
INSERT INTO players_cards (player_id, card_id, level) VALUES (18, 19, 10);
INSERT INTO players_cards (player_id, card_id, level) VALUES (39, 21, 13);
INSERT INTO players_cards (player_id, card_id, level) VALUES (20, 15, 13);
INSERT INTO players_cards (player_id, card_id, level) VALUES (5, 3, 13);
INSERT INTO players_cards (player_id, card_id, level) VALUES (32, 2, 7);
INSERT INTO players_cards (player_id, card_id, level) VALUES (8, 37, 4);
INSERT INTO players_cards (player_id, card_id, level) VALUES (16, 24, 5);
INSERT INTO players_cards (player_id, card_id, level) VALUES (8, 37, 13);
INSERT INTO players_cards (player_id, card_id, level) VALUES (20, 17, 4);
INSERT INTO players_cards (player_id, card_id, level) VALUES (30, 12, 1);
INSERT INTO players_cards (player_id, card_id, level) VALUES (14, 21, 4);
INSERT INTO players_cards (player_id, card_id, level) VALUES (49, 27, 5);
INSERT INTO players_cards (player_id, card_id, level) VALUES (36, 10, 7);
INSERT INTO players_cards (player_id, card_id, level) VALUES (38, 2, 5);
INSERT INTO players_cards (player_id, card_id, level) VALUES (28, 18, 1);
INSERT INTO players_cards (player_id, card_id, level) VALUES (38, 2, 14);
INSERT INTO players_cards (player_id, card_id, level) VALUES (50, 7, 13);
INSERT INTO players_cards (player_id, card_id, level) VALUES (48, 12, 10);
INSERT INTO players_cards (player_id, card_id, level) VALUES (11, 20, 2);
INSERT INTO players_cards (player_id, card_id, level) VALUES (30, 40, 10);
INSERT INTO players_cards (player_id, card_id, level) VALUES (11, 29, 14);
INSERT INTO players_cards (player_id, card_id, level) VALUES (37, 13, 5);
INSERT INTO players_cards (player_id, card_id, level) VALUES (43, 27, 6);
INSERT INTO players_cards (player_id, card_id, level) VALUES (22, 18, 14);
INSERT INTO players_cards (player_id, card_id, level) VALUES (21, 5, 1);
INSERT INTO players_cards (player_id, card_id, level) VALUES (38, 35, 1);
INSERT INTO players_cards (player_id, card_id, level) VALUES (11, 12, 7);
INSERT INTO players_cards (player_id, card_id, level) VALUES (17, 24, 3);
INSERT INTO players_cards (player_id, card_id, level) VALUES (35, 31, 8);
INSERT INTO players_cards (player_id, card_id, level) VALUES (38, 39, 1);
INSERT INTO players_cards (player_id, card_id, level) VALUES (2, 12, 12);
INSERT INTO players_cards (player_id, card_id, level) VALUES (45, 12, 4);
INSERT INTO players_cards (player_id, card_id, level) VALUES (43, 36, 5);
INSERT INTO players_cards (player_id, card_id, level) VALUES (17, 22, 5);
INSERT INTO players_cards (player_id, card_id, level) VALUES (41, 16, 5);
INSERT INTO players_cards (player_id, card_id, level) VALUES (48, 36, 3);
INSERT INTO players_cards (player_id, card_id, level) VALUES (27, 37, 4);
INSERT INTO players_cards (player_id, card_id, level) VALUES (42, 34, 1);
INSERT INTO players_cards (player_id, card_id, level) VALUES (50, 34, 8);
INSERT INTO players_cards (player_id, card_id, level) VALUES (5, 18, 6);
INSERT INTO players_cards (player_id, card_id, level) VALUES (42, 28, 3);
INSERT INTO players_cards (player_id, card_id, level) VALUES (2, 40, 3);
INSERT INTO players_cards (player_id, card_id, level) VALUES (4, 38, 8);
INSERT INTO players_cards (player_id, card_id, level) VALUES (9, 13, 7);
INSERT INTO players_cards (player_id, card_id, level) VALUES (23, 15, 11);
INSERT INTO players_cards (player_id, card_id, level) VALUES (22, 21, 9);
INSERT INTO players_cards (player_id, card_id, level) VALUES (48, 35, 13);
INSERT INTO players_cards (player_id, card_id, level) VALUES (35, 20, 10);
INSERT INTO players_cards (player_id, card_id, level) VALUES (28, 38, 5);
INSERT INTO players_cards (player_id, card_id, level) VALUES (12, 38, 5);
INSERT INTO players_cards (player_id, card_id, level) VALUES (9, 23, 2);
INSERT INTO players_cards (player_id, card_id, level) VALUES (30, 10, 7);
INSERT INTO players_cards (player_id, card_id, level) VALUES (4, 33, 2);
INSERT INTO players_cards (player_id, card_id, level) VALUES (9, 3, 5);
INSERT INTO players_cards (player_id, card_id, level) VALUES (43, 20, 8);
INSERT INTO players_cards (player_id, card_id, level) VALUES (43, 2, 2);
INSERT INTO players_cards (player_id, card_id, level) VALUES (17, 8, 2);
INSERT INTO players_cards (player_id, card_id, level) VALUES (22, 40, 6);
INSERT INTO players_cards (player_id, card_id, level) VALUES (1, 34, 4);
INSERT INTO players_cards (player_id, card_id, level) VALUES (29, 14, 9);
INSERT INTO players_cards (player_id, card_id, level) VALUES (21, 28, 10);
INSERT INTO players_cards (player_id, card_id, level) VALUES (46, 28, 9);
INSERT INTO players_cards (player_id, card_id, level) VALUES (48, 21, 1);

-- BATTLES
INSERT INTO battles (battle_id, player1_id, player2_id, winner_id, played_at, duration) VALUES (1, 47, 38, 38, 2025-11-24 08:29:28, 85);
INSERT INTO battles (battle_id, player1_id, player2_id, winner_id, played_at, duration) VALUES (2, 13, 19, 13, 2025-03-25 18:52:36, 152);
INSERT INTO battles (battle_id, player1_id, player2_id, winner_id, played_at, duration) VALUES (3, 12, 20, 12, 2025-11-05 11:53:47, 241);
INSERT INTO battles (battle_id, player1_id, player2_id, winner_id, played_at, duration) VALUES (4, 35, 9, 9, 2025-09-10 18:10:47, 71);
INSERT INTO battles (battle_id, player1_id, player2_id, winner_id, played_at, duration) VALUES (5, 4, 36, 36, 2025-04-17 19:29:31, 238);
INSERT INTO battles (battle_id, player1_id, player2_id, winner_id, played_at, duration) VALUES (6, 9, 41, 41, 2025-08-06 10:17:03, 86);
INSERT INTO battles (battle_id, player1_id, player2_id, winner_id, played_at, duration) VALUES (7, 1, 37, 37, 2025-01-14 13:22:35, 180);
INSERT INTO battles (battle_id, player1_id, player2_id, winner_id, played_at, duration) VALUES (8, 31, 29, 29, 2025-03-09 12:08:14, 107);
INSERT INTO battles (battle_id, player1_id, player2_id, winner_id, played_at, duration) VALUES (9, 4, 17, 17, 2025-10-08 04:31:56, 89);
INSERT INTO battles (battle_id, player1_id, player2_id, winner_id, played_at, duration) VALUES (10, 5, 26, 26, 2025-09-09 06:38:42, 78);
INSERT INTO battles (battle_id, player1_id, player2_id, winner_id, played_at, duration) VALUES (11, 37, 41, 37, 2025-04-10 16:48:15, 98);
INSERT INTO battles (battle_id, player1_id, player2_id, winner_id, played_at, duration) VALUES (12, 10, 37, 37, 2025-08-18 23:19:10, 81);
INSERT INTO battles (battle_id, player1_id, player2_id, winner_id, played_at, duration) VALUES (13, 16, 8, 8, 2025-02-01 08:57:19, 215);
INSERT INTO battles (battle_id, player1_id, player2_id, winner_id, played_at, duration) VALUES (14, 39, 40, 39, 2025-08-03 17:26:05, 258);
INSERT INTO battles (battle_id, player1_id, player2_id, winner_id, played_at, duration) VALUES (15, 34, 25, 25, 2025-10-09 20:43:02, 292);
INSERT INTO battles (battle_id, player1_id, player2_id, winner_id, played_at, duration) VALUES (16, 29, 20, 20, 2025-10-20 01:25:37, 138);
INSERT INTO battles (battle_id, player1_id, player2_id, winner_id, played_at, duration) VALUES (17, 37, 40, 37, 2025-07-31 07:25:27, 216);
INSERT INTO battles (battle_id, player1_id, player2_id, winner_id, played_at, duration) VALUES (18, 48, 7, 48, 2025-11-03 16:30:20, 220);
INSERT INTO battles (battle_id, player1_id, player2_id, winner_id, played_at, duration) VALUES (19, 14, 17, 14, 2025-03-06 13:23:14, 100);
INSERT INTO battles (battle_id, player1_id, player2_id, winner_id, played_at, duration) VALUES (20, 16, 12, 16, 2025-08-17 05:24:58, 100);
INSERT INTO battles (battle_id, player1_id, player2_id, winner_id, played_at, duration) VALUES (21, 1, 27, 27, 2025-01-17 02:21:41, 236);
INSERT INTO battles (battle_id, player1_id, player2_id, winner_id, played_at, duration) VALUES (22, 39, 31, 31, 2025-07-30 16:04:00, 68);
INSERT INTO battles (battle_id, player1_id, player2_id, winner_id, played_at, duration) VALUES (23, 15, 19, 19, 2025-07-02 04:16:27, 239);
INSERT INTO battles (battle_id, player1_id, player2_id, winner_id, played_at, duration) VALUES (24, 30, 5, 30, 2025-01-21 23:08:55, 296);
INSERT INTO battles (battle_id, player1_id, player2_id, winner_id, played_at, duration) VALUES (25, 17, 41, 17, 2025-08-01 15:04:03, 168);
INSERT INTO battles (battle_id, player1_id, player2_id, winner_id, played_at, duration) VALUES (26, 8, 35, 8, 2025-10-12 01:07:58, 225);
INSERT INTO battles (battle_id, player1_id, player2_id, winner_id, played_at, duration) VALUES (27, 10, 18, 10, 2025-01-30 22:14:55, 78);
INSERT INTO battles (battle_id, player1_id, player2_id, winner_id, played_at, duration) VALUES (28, 4, 11, 11, 2025-10-19 17:44:10, 212);
INSERT INTO battles (battle_id, player1_id, player2_id, winner_id, played_at, duration) VALUES (29, 48, 37, 37, 2025-10-06 00:08:58, 172);
INSERT INTO battles (battle_id, player1_id, player2_id, winner_id, played_at, duration) VALUES (30, 8, 30, 30, 2025-04-19 00:46:02, 239);
INSERT INTO battles (battle_id, player1_id, player2_id, winner_id, played_at, duration) VALUES (31, 26, 18, 18, 2025-11-14 14:12:59, 172);
INSERT INTO battles (battle_id, player1_id, player2_id, winner_id, played_at, duration) VALUES (32, 6, 39, 6, 2025-10-22 19:18:31, 287);
INSERT INTO battles (battle_id, player1_id, player2_id, winner_id, played_at, duration) VALUES (33, 28, 48, 48, 2025-11-08 15:24:50, 214);
INSERT INTO battles (battle_id, player1_id, player2_id, winner_id, played_at, duration) VALUES (34, 17, 2, 17, 2025-08-04 10:39:34, 118);
INSERT INTO battles (battle_id, player1_id, player2_id, winner_id, played_at, duration) VALUES (35, 44, 37, 44, 2025-02-23 11:38:30, 255);
INSERT INTO battles (battle_id, player1_id, player2_id, winner_id, played_at, duration) VALUES (36, 44, 18, 44, 2025-02-13 15:05:22, 255);
INSERT INTO battles (battle_id, player1_id, player2_id, winner_id, played_at, duration) VALUES (37, 49, 12, 12, 2025-11-07 07:11:43, 192);
INSERT INTO battles (battle_id, player1_id, player2_id, winner_id, played_at, duration) VALUES (38, 42, 29, 29, 2025-05-30 10:40:24, 106);
INSERT INTO battles (battle_id, player1_id, player2_id, winner_id, played_at, duration) VALUES (39, 38, 28, 28, 2025-11-22 19:27:13, 83);
INSERT INTO battles (battle_id, player1_id, player2_id, winner_id, played_at, duration) VALUES (40, 31, 23, 23, 2025-06-09 05:20:45, 145);
INSERT INTO battles (battle_id, player1_id, player2_id, winner_id, played_at, duration) VALUES (41, 21, 43, 21, 2025-09-04 12:40:30, 279);
INSERT INTO battles (battle_id, player1_id, player2_id, winner_id, played_at, duration) VALUES (42, 11, 22, 22, 2025-06-14 04:35:28, 237);
INSERT INTO battles (battle_id, player1_id, player2_id, winner_id, played_at, duration) VALUES (43, 32, 19, 19, 2025-09-21 20:06:38, 268);
INSERT INTO battles (battle_id, player1_id, player2_id, winner_id, played_at, duration) VALUES (44, 49, 36, 49, 2025-05-16 12:11:42, 176);
INSERT INTO battles (battle_id, player1_id, player2_id, winner_id, played_at, duration) VALUES (45, 6, 21, 21, 2025-02-02 16:40:54, 142);
INSERT INTO battles (battle_id, player1_id, player2_id, winner_id, played_at, duration) VALUES (46, 8, 50, 50, 2025-05-19 14:29:35, 281);
INSERT INTO battles (battle_id, player1_id, player2_id, winner_id, played_at, duration) VALUES (47, 33, 1, 1, 2025-02-24 23:14:25, 165);
INSERT INTO battles (battle_id, player1_id, player2_id, winner_id, played_at, duration) VALUES (48, 4, 13, 13, 2025-05-01 16:16:22, 219);
INSERT INTO battles (battle_id, player1_id, player2_id, winner_id, played_at, duration) VALUES (49, 49, 32, 32, 2025-08-06 06:57:13, 254);
INSERT INTO battles (battle_id, player1_id, player2_id, winner_id, played_at, duration) VALUES (50, 4, 14, 14, 2025-04-05 23:44:02, 200);
INSERT INTO battles (battle_id, player1_id, player2_id, winner_id, played_at, duration) VALUES (51, 9, 19, 19, 2025-05-18 14:47:46, 285);
INSERT INTO battles (battle_id, player1_id, player2_id, winner_id, played_at, duration) VALUES (52, 45, 32, 45, 2025-02-21 19:35:26, 67);
INSERT INTO battles (battle_id, player1_id, player2_id, winner_id, played_at, duration) VALUES (53, 41, 39, 41, 2025-03-14 04:04:13, 241);
INSERT INTO battles (battle_id, player1_id, player2_id, winner_id, played_at, duration) VALUES (54, 11, 20, 11, 2025-07-03 22:51:38, 201);
INSERT INTO battles (battle_id, player1_id, player2_id, winner_id, played_at, duration) VALUES (55, 27, 6, 27, 2025-09-02 08:53:45, 275);
INSERT INTO battles (battle_id, player1_id, player2_id, winner_id, played_at, duration) VALUES (56, 8, 30, 8, 2025-11-19 09:21:56, 225);
INSERT INTO battles (battle_id, player1_id, player2_id, winner_id, played_at, duration) VALUES (57, 10, 32, 32, 2025-01-04 12:36:35, 190);
INSERT INTO battles (battle_id, player1_id, player2_id, winner_id, played_at, duration) VALUES (58, 46, 18, 18, 2025-01-20 09:57:07, 273);
INSERT INTO battles (battle_id, player1_id, player2_id, winner_id, played_at, duration) VALUES (59, 31, 16, 16, 2025-03-24 11:08:30, 201);
INSERT INTO battles (battle_id, player1_id, player2_id, winner_id, played_at, duration) VALUES (60, 10, 25, 10, 2025-10-30 03:13:56, 295);
INSERT INTO battles (battle_id, player1_id, player2_id, winner_id, played_at, duration) VALUES (61, 39, 33, 39, 2025-08-03 19:54:34, 281);
INSERT INTO battles (battle_id, player1_id, player2_id, winner_id, played_at, duration) VALUES (62, 5, 18, 18, 2025-01-02 14:46:25, 147);
INSERT INTO battles (battle_id, player1_id, player2_id, winner_id, played_at, duration) VALUES (63, 33, 18, 33, 2025-06-10 07:27:24, 132);
INSERT INTO battles (battle_id, player1_id, player2_id, winner_id, played_at, duration) VALUES (64, 47, 20, 20, 2025-10-25 01:40:13, 281);
INSERT INTO battles (battle_id, player1_id, player2_id, winner_id, played_at, duration) VALUES (65, 10, 29, 29, 2025-10-26 22:56:12, 148);
INSERT INTO battles (battle_id, player1_id, player2_id, winner_id, played_at, duration) VALUES (66, 22, 36, 36, 2025-02-04 03:39:04, 176);
INSERT INTO battles (battle_id, player1_id, player2_id, winner_id, played_at, duration) VALUES (67, 21, 13, 21, 2025-03-21 12:27:36, 206);
INSERT INTO battles (battle_id, player1_id, player2_id, winner_id, played_at, duration) VALUES (68, 25, 15, 15, 2025-07-20 17:21:46, 71);
INSERT INTO battles (battle_id, player1_id, player2_id, winner_id, played_at, duration) VALUES (69, 21, 48, 48, 2025-05-11 02:40:28, 240);
INSERT INTO battles (battle_id, player1_id, player2_id, winner_id, played_at, duration) VALUES (70, 25, 43, 25, 2025-11-16 02:13:33, 186);
INSERT INTO battles (battle_id, player1_id, player2_id, winner_id, played_at, duration) VALUES (71, 3, 9, 9, 2025-09-17 09:39:01, 282);
INSERT INTO battles (battle_id, player1_id, player2_id, winner_id, played_at, duration) VALUES (72, 7, 29, 7, 2025-08-19 08:26:04, 194);
INSERT INTO battles (battle_id, player1_id, player2_id, winner_id, played_at, duration) VALUES (73, 30, 1, 30, 2025-11-26 14:37:57, 164);
INSERT INTO battles (battle_id, player1_id, player2_id, winner_id, played_at, duration) VALUES (74, 42, 10, 42, 2025-07-23 17:01:19, 180);
INSERT INTO battles (battle_id, player1_id, player2_id, winner_id, played_at, duration) VALUES (75, 17, 22, 22, 2025-04-12 10:09:30, 226);
INSERT INTO battles (battle_id, player1_id, player2_id, winner_id, played_at, duration) VALUES (76, 6, 22, 22, 2025-09-15 05:28:44, 141);
INSERT INTO battles (battle_id, player1_id, player2_id, winner_id, played_at, duration) VALUES (77, 41, 46, 46, 2025-05-19 13:42:33, 283);
INSERT INTO battles (battle_id, player1_id, player2_id, winner_id, played_at, duration) VALUES (78, 35, 3, 35, 2025-04-19 06:52:33, 120);
INSERT INTO battles (battle_id, player1_id, player2_id, winner_id, played_at, duration) VALUES (79, 41, 44, 44, 2025-03-31 00:12:27, 118);
INSERT INTO battles (battle_id, player1_id, player2_id, winner_id, played_at, duration) VALUES (80, 48, 6, 6, 2025-08-06 20:02:15, 85);
INSERT INTO battles (battle_id, player1_id, player2_id, winner_id, played_at, duration) VALUES (81, 49, 41, 49, 2025-06-22 00:07:02, 173);
INSERT INTO battles (battle_id, player1_id, player2_id, winner_id, played_at, duration) VALUES (82, 11, 45, 45, 2025-10-15 02:57:54, 291);
INSERT INTO battles (battle_id, player1_id, player2_id, winner_id, played_at, duration) VALUES (83, 2, 3, 3, 2025-01-02 14:20:52, 263);
INSERT INTO battles (battle_id, player1_id, player2_id, winner_id, played_at, duration) VALUES (84, 4, 19, 19, 2025-05-16 13:50:05, 155);
INSERT INTO battles (battle_id, player1_id, player2_id, winner_id, played_at, duration) VALUES (85, 28, 10, 28, 2025-04-12 07:40:44, 195);
INSERT INTO battles (battle_id, player1_id, player2_id, winner_id, played_at, duration) VALUES (86, 27, 37, 27, 2025-08-29 09:42:53, 103);
INSERT INTO battles (battle_id, player1_id, player2_id, winner_id, played_at, duration) VALUES (87, 12, 6, 6, 2025-11-25 01:10:53, 218);
INSERT INTO battles (battle_id, player1_id, player2_id, winner_id, played_at, duration) VALUES (88, 44, 16, 16, 2025-06-12 05:55:48, 293);
INSERT INTO battles (battle_id, player1_id, player2_id, winner_id, played_at, duration) VALUES (89, 38, 10, 38, 2025-06-06 10:09:10, 178);
INSERT INTO battles (battle_id, player1_id, player2_id, winner_id, played_at, duration) VALUES (90, 41, 17, 17, 2025-07-28 18:38:06, 125);
INSERT INTO battles (battle_id, player1_id, player2_id, winner_id, played_at, duration) VALUES (91, 43, 1, 1, 2025-06-21 03:54:15, 290);
INSERT INTO battles (battle_id, player1_id, player2_id, winner_id, played_at, duration) VALUES (92, 19, 44, 19, 2025-06-12 05:15:57, 78);
INSERT INTO battles (battle_id, player1_id, player2_id, winner_id, played_at, duration) VALUES (93, 29, 23, 23, 2025-03-17 00:31:40, 223);
INSERT INTO battles (battle_id, player1_id, player2_id, winner_id, played_at, duration) VALUES (94, 28, 45, 45, 2025-11-23 01:00:37, 176);
INSERT INTO battles (battle_id, player1_id, player2_id, winner_id, played_at, duration) VALUES (95, 20, 13, 13, 2025-04-20 19:03:36, 278);
INSERT INTO battles (battle_id, player1_id, player2_id, winner_id, played_at, duration) VALUES (96, 31, 7, 31, 2025-04-29 02:08:15, 157);
INSERT INTO battles (battle_id, player1_id, player2_id, winner_id, played_at, duration) VALUES (97, 37, 23, 23, 2025-10-30 18:15:55, 239);
INSERT INTO battles (battle_id, player1_id, player2_id, winner_id, played_at, duration) VALUES (98, 19, 2, 2, 2025-11-24 23:15:36, 130);
INSERT INTO battles (battle_id, player1_id, player2_id, winner_id, played_at, duration) VALUES (99, 1, 37, 1, 2025-06-23 11:40:53, 293);
INSERT INTO battles (battle_id, player1_id, player2_id, winner_id, played_at, duration) VALUES (100, 39, 48, 48, 2025-03-20 18:12:50, 273);